Measure_ID,Measure_Name,Category,Company_Size,Description,Carbon_Reduction_Min,Carbon_Reduction_Max,Cost_Min,Cost_Max,ROI_Years_Min,ROI_Years_Max,Success_Rate,Case_Study_Company,Case_Study_Result,Case_Study_Source,Implementation_Time_Months,Difficulty_Level
1,Cloud Migration & Optimization,Infrastructure,All,"Moving from on-premise servers to cloud providers (AWS, Google Cloud, Azure) with renewable energy commitments and optimizing resource usage through dynamic allocation and rightsizing",30,88,5000,5000000,1,3,85,Etsy,"Migrated from on-premise to Google Cloud resulting in 13,000 metric tons CO2 reduction annually, representing a 50% reduction in infrastructure carbon footprint",Etsy 2020 Sustainability Report,12,Medium
2,Remote Work Policy,Operations,All,"Implementing permanent remote or hybrid work arrangements to eliminate daily commuting emissions and reduce office space energy requirements",40,70,500,2000,0,0.5,90,Twitter,"Permanent remote work option resulted in 70% reduction in commute-related emissions and 30% reduction in office energy consumption",Twitter ESG Report 2021,3,Low
3,Renewable Energy Procurement,Energy,Medium-Large,"Purchasing renewable energy through Power Purchase Agreements (PPAs) or Renewable Energy Certificates (RECs) for office and data center operations",50,100,100000,100000000,3,7,95,Google,"Contracted 7+ gigawatts of renewable energy achieving 100% renewable matching since 2017, equivalent to removing 1.2 million cars from roads annually",Google Environmental Report 2022,12,High
4,Data Center Cooling Optimization,Infrastructure,Medium-Large,"Implementing AI/ML-based cooling optimization, hot/cold aisle containment, free air cooling, and raising server temperature thresholds to reduce cooling energy",30,50,200000,10000000,2,4,80,Google DeepMind,"AI-optimized cooling control achieved 40% reduction in cooling energy and 15% reduction in overall Power Usage Effectiveness (PUE)",Google DeepMind Report 2016-2018,9,High
5,Device Lifecycle Management,Hardware,All,"Extending device lifespan from 3 to 5+ years, implementing refurbishment programs, responsible e-waste recycling, and right-sizing device procurement",20,40,50,150,0,0.5,90,Microsoft,"Device buyback and refurbishment program achieved 82% device reuse/refurbishment rate, with lifecycle extension from 4 to 5 years resulting in 25% carbon reduction per device",Microsoft Circular Centers Report 2021,6,Low
6,Smart Office Energy Management,Operations,All,"Deploying IoT sensors, smart LED lighting systems, HVAC automation, and occupancy-based controls to eliminate energy waste in office spaces",25,45,10000,200000,1,3,85,Cisco,"Smart building deployment across 36 global buildings achieved 38% energy reduction, saving $6.4 million annually and reducing 42,000 metric tons CO2",Cisco Environmental Report 2022,6,Medium
7,Sustainable Software Development,Development,All,"Optimizing code for efficiency, implementing efficient algorithms, reducing computational waste, leveraging green hosting providers, and minimizing data transfer",20,50,5000,20000,0.5,1,70,BBC,"Website and streaming optimization reduced homepage data transfer by 80%, resulting in millions of kWh saved annually through reduced server load",BBC Carbon Footprint Report 2020,6,Medium
8,Video Conferencing Over Travel,Operations,All,"Replacing business flights and in-person meetings with high-quality video conferencing infrastructure to eliminate aviation emissions",40,80,150,300,0,0,95,Salesforce,"Virtual Dreamforce 2020 event hosted 75,000 attendees with zero travel, avoiding approximately 33,000 tons of CO2 emissions compared to in-person event",Salesforce Stakeholder Report 2021,2,Low
9,Green Procurement & Suppliers,Supply Chain,Medium-Large,"Requiring suppliers to meet carbon reduction standards, prioritizing low-carbon vendors, and actively engaging supply chain partners in emission reduction efforts",10,30,50000,500000,3,5,75,Apple,"Supplier Clean Energy Program enrolled 213 suppliers committed to 100% renewable energy (as of 2022), which will avoid 18 million tons CO2 annually when fully implemented",Apple Supplier Report 2022,12,Medium
10,Electric Vehicle Fleet,Transportation,Medium-Large,"Transitioning company vehicle fleet from gasoline/diesel to electric vehicles and installing charging infrastructure at facilities",50,70,35000,80000,5,8,90,Amazon,"Order of 100,000 electric delivery vans from Rivian projected to save 4 million metric tons of CO2 per year when fully deployed by 2030",Amazon Climate Pledge Report 2021,18,High